epoch,loss
0,3353.365966796875
1,2594.818115234375
2,2416.409912109375
3,2282.9599609375
4,2190.2509765625
5,2109.07421875
