epoch,loss
0,207.6046142578125
1,2.3957135677337646
2,2.957270622253418
3,2.7736430168151855
4,2.0556254386901855
5,30.388336181640625
6,2.27874493598938
7,1.992703914642334
8,1.8965567350387573
9,2.0143849849700928
10,1.4758965969085693
11,1.834516167640686
12,1.397810935974121
