epoch,loss
0,132.70616149902344
1,1.202781081199646
2,1.5838615894317627
3,1.8076180219650269
4,1.3116869926452637
5,1.2036917209625244
6,13.628536224365234
7,1.3037716150283813
8,1.2827999591827393
9,1.2288634777069092
