epoch,loss
0,142.05084228515625
1,3.456655740737915
2,2.239866018295288
3,2.568523406982422
4,2.6620826721191406
5,36.79921340942383
6,1.8191275596618652
7,2.6675941944122314
8,2.7167184352874756
9,2.3183419704437256
10,2.7565457820892334
11,2.152344226837158
12,1.7916733026504517
13,1.4032341241836548
14,1.1470730304718018
15,0.6911095380783081
16,0.405177503824234
17,0.18264973163604736
18,0.4187247157096863
19,0.09810816496610641
20,0.04889864847064018
