epoch,loss
0,149.0421905517578
1,3.0306177139282227
2,2.167598009109497
3,1.8537929058074951
4,1.3376506567001343
5,1.967736005783081
6,1.7669677734375
7,0.5461202263832092
8,0.4995368719100952
9,1.5971336364746094
10,0.3753000795841217
11,0.35420456528663635
12,0.28181785345077515
13,0.5684033632278442
14,0.2552492618560791
