epoch,loss
0,252.9172821044922
1,3.2700743675231934
2,4.324714660644531
3,4.242801189422607
4,8.98973274230957
5,1.988619089126587
